ÐòºÅ,µ¥´Ê,word_id,word
1_L1,a/an,,
2_L1,ability,,
3_L1,able,1122_l23,able
4_L1,about,115_l3,about
5_L1,above,800_l15,above
6_L1,abroad,,
7_L1,absent,,
8_L1,accept,1054_l21,accept
8_L1,accept,1508_l30,accept
9_L1,accessory,,
10_L1,accident,1509_l30,accident
11_L1,ache,,
12_L1,achieve,,
13_L1,across,1315_l26,across
14_L1,act,347_l7,act
15_L1,active,352_l7,active
16_L1,activity,353_l7,activity
17_L1,add,336_l6,add
18_L1,address,338_l6,address
19_L1,adult,,
20_L1,advantage,725_l14,advantage
21_L1,adverb,1595_l31,adverb
22_L1,advertisement,,
23_L1,advice,551_l10,advice
24_L1,afford,1431_l29,afford
25_L1,afraid,1432_l29,afraid
26_L1,Africa,,
27_L1,after,1429_l29,after
28_L1,afternoon,1430_l29,afternoon
29_L1,again,688_l13,again
30_L1,against,689_l13,against
31_L1,age,722_l14,age
32_L1,agent,,
33_L1,aggressive,,
34_L1,ago,,
35_L1,agree,1743_l34,agree
36_L1,aid,,
37_L1,aim,,
38_L1,air,1641_l32,air
39_L1,airline,,
40_L1,airplane,,
41_L1,airport,1644_l32,airport
42_L1,album,,
43_L1,alien,,
44_L1,alive,566_l10,alive
45_L1,all,520_l9,all
46_L1,allow,521_l9,allow
46_L1,allow,817_l16,allow
47_L1,almost,,
48_L1,alone,72_l2,alone
49_L1,along,71_l2,along
50_L1,aloud,814_l15,aloud
51_L1,already,165_l3,already
52_L1,alright,,
53_L1,also,,
54_L1,although,,
55_L1,always,888_l17,always
56_L1,am,,
57_L1,amazing,,
58_L1,America,,
59_L2,among,74_l2,among
60_L2,amount,,
61_L2,ancient,,
62_L2,and,,
63_L2,angry,697_l13,angry
64_L2,animal,,
65_L2,announce,,
66_L2,another,108_l2,another
67_L2,answer,,
68_L2,ant,627_l11,ant
69_L2,anxious,,
70_L2,any,977_l20,any
71_L2,anybody,980_l20,anybody
72_L2,anymore,,
73_L2,anyone,981_l20,anyone
74_L2,anything,979_l20,anything
75_L2,anyway,978_l20,anyway
76_L2,anywhere,272_l5,anywhere
77_L2,appear,1205_l24,appear
78_L2,apple,,
79_L2,appointment,,
80_L2,April,,
81_L2,are,579_l11,are
82_L2,area,580_l11,area
83_L2,argue,,
84_L2,arm,50_l2,arm
85_L2,around,35_l1,around
86_L2,arrive,468_l8,arrive
87_L2,art,435_l8,art
88_L2,article,436_l8,article
89_L2,artist,437_l8,artist
90_L2,as,,
91_L2,Asia,,
92_L2,ask,514_l9,ask
93_L2,asleep,231_l4,asleep
94_L2,assistant,,
95_L2,association,,
96_L2,Atlantic,,
97_L2,attempt,,
98_L2,attendant,,
99_L2,attention,357_l7,attention
100_L2,attitude,,
101_L2,August,1416_l28,August
102_L2,aunt,1417_l28,aunt
103_L2,Australia,932_l18,Australia
104_L2,author,,
105_L2,authority,,
106_L2,autograph,,
107_L2,autumn,,
108_L2,avenue,1515_l30,avenue
109_L2,avoid,,
110_L2,awake,508_l9,awake
111_L2,award,,
112_L2,away,887_l17,away
113_L2,awful,889_l17,awful
114_L2,baby,,
115_L2,back,416_l8,back
115_L2,back,1047_l21,back
116_L3,background,419_l8,background
117_L3,bad,1002_l20,bad
118_L3,bag,1001_l20,bag
119_L3,balance,,
120_L3,ball,517_l9,ball
121_L3,balloon,,
122_L3,bamboo,1663_l33,bamboo
123_L3,banana,,
124_L3,band,,
125_L3,bank,1599_l32,bank
126_L3,barbecue,,
127_L3,baseball,1712_l34,baseball
128_L3,basket,,
129_L3,basketball,,
130_L3,bathroom,733_l14,bathroom
131_L3,battery,1572_l31,battery
132_L3,be,,
133_L3,beach,156_l3,beach
134_L3,bear,,
135_L3,beard,,
136_L3,beat,,
137_L3,beautiful,,
138_L3,beauty,,
139_L3,because,128_l3,because
140_L3,become,1660_l33,become
141_L3,bed,734_l14,bed
142_L3,bee,91_l2,bee
143_L3,before,1398_l28,before
144_L3,begin,1009_l20,begin
145_L3,behave,,
146_L3,behind,1677_l33,behind
147_L3,believe,1129_l23,believe
148_L3,bell,1656_l32,bell
149_L3,belong,77_l2,belong
150_L3,below,822_l16,below
151_L3,belt,1006_l20,belt
152_L3,beside,426_l8,beside
153_L3,best,8_l1,best
154_L3,better,1567_l31,better
155_L3,between,1007_l20,between
156_L3,beyond,1045_l21,beyond
157_L3,bicycle,,
158_L3,big,,
159_L3,bike,674_l13,bike
160_L3,bill,,
161_L3,biology,,
162_L3,bird,1011_l20,bird
163_L3,birth,1012_l20,birth
164_L3,birthday,1013_l20,birthday
165_L3,bit,900_l18,bit
166_L3,black,420_l8,black
167_L3,blackboard,421_l8,blackboard
168_L3,blank,422_l8,blank
169_L3,block,,
170_L3,blood,303_l5,blood
171_L3,blow,821_l16,blow
172_L3,blue,1096_l22,blue
173_L3,board,,
174_L4,boat,498_l9,boat
175_L4,body,1372_l28,body
176_L4,boil,,
177_L4,book,644_l12,book
178_L4,bookcase,,
179_L4,border,,
180_L4,bored,1698_l33,bored
181_L4,born,376_l7,born
182_L4,borrow,839_l16,borrow
183_L4,boss,1312_l26,boss
184_L4,both,,
185_L4,bother,,
186_L4,bottle,,
187_L4,bottom,,
188_L4,bow,826_l16,bow
189_L4,bowl,827_l16,bowl
190_L4,box,1377_l28,box
191_L4,boy,1371_l28,boy
192_L4,brain,,
193_L4,brave,936_l19,brave
194_L4,Brazilian,,
195_L4,bread,162_l3,bread
196_L4,break,168_l3,break
197_L4,breakfast,170_l3,breakfast
198_L4,breath,164_l3,breath
199_L4,bridge,1170_l24,bridge
200_L4,bright,253_l5,bright
201_L4,bring,1700_l33,bring
202_L4,brother,109_l2,brother
203_L4,brown,,
204_L4,build,1073_l22,build
205_L4,building,1074_l22,building
206_L4,bulb,,
207_L4,burn,374_l7,burn
208_L4,bus,1575_l31,bus
209_L4,bush,648_l12,bush
210_L4,business,1577_l31,business
211_L4,busy,1579_l31,busy
212_L4,but,1570_l31,but
213_L4,butter,1568_l31,butter
214_L4,buy,1580_l31,buy
215_L4,by,,
216_L4,cabbage,,
217_L4,cage,,
218_L4,cake,506_l9,cake
219_L4,calculator,,
220_L4,calendar,,
221_L4,call,518_l9,call
222_L4,calm,,
223_L4,camera,1258_l25,camera
224_L4,camp,1666_l33,camp
225_L4,can,,
226_L4,Canada,,
227_L4,cancel,,
228_L4,candle,,
229_L4,candy,,
230_L5,cap,,
231_L5,capital,,
232_L5,captain,,
233_L5,car,442_l8,car
234_L5,card,444_l8,card
235_L5,care,447_l8,care
236_L5,careful,449_l8,careful
237_L5,careless,450_l8,careless
238_L5,carrot,443_l8,carrot
239_L5,carry,445_l8,carry
240_L5,case,,
241_L5,casually,,
242_L5,cat,451_l8,cat
243_L5,catch,452_l8,catch
244_L5,cause,127_l3,cause
245_L5,celebrate,1235_l25,celebrate
246_L5,cent,1498_l30,cent
247_L5,center/centre,,
248_L5,century,1499_l30,century
249_L5,certain,,
250_L5,chair,1647_l32,chair
251_L5,chairman,1648_l32,chairman
252_L5,chalk,1555_l31,chalk
253_L5,challenge,1079_l22,challenge
254_L5,champion,,
255_L5,chance,,
256_L5,change,701_l13,change
257_L5,character,,
258_L5,charity,,
259_L5,chase,,
260_L5,chat,439_l8,chat
261_L5,cheap,876_l17,cheap
262_L5,cheat,,
263_L5,check,878_l17,check
264_L5,cheer,97_l2,cheer
265_L5,cheese,99_l2,cheese
265_L5,cheese,950_l19,cheese
266_L5,chemistry,,
267_L5,chess,875_l17,chess
268_L5,chest,,
269_L5,chew,,
270_L5,chicken,395_l7,chicken
271_L5,child,1072_l22,child
272_L5,China,948_l19,China
273_L5,Chinese,947_l19,Chinese
274_L5,chip,,
275_L5,chocolate,532_l10,chocolate
276_L5,choice,549_l10,choice
277_L5,choose,100_l2,choose
278_L5,chop,,
279_L5,chopsticks,,
280_L5,chore,,
281_L5,Christmas,,
282_L5,church,,
283_L5,cigarette,,
284_L5,cinema,,
285_L5,circle,,
286_L5,city,1356_l27,city
287_L6,clap,1454_l29,clap
288_L6,class,,
289_L6,clean,769_l15,clean
290_L6,clear,771_l15,clear
291_L6,clerk,,
292_L6,clever,775_l15,clever
293_L6,climb,1488_l30,climb
294_L6,clock,397_l7,clock
295_L6,close,,
296_L6,clothes,,
297_L6,clothing,,
298_L6,cloud,810_l15,cloud
299_L6,club,1487_l30,club
300_L6,coach,501_l9,coach
301_L6,coal,500_l9,coal
302_L6,coat,502_l9,coat
303_L6,coffee,1739_l34,coffee
304_L6,coin,,
305_L6,cola,,
306_L6,cold,470_l9,cold
307_L6,collect,1191_l24,collect
308_L6,college,1195_l24,college
309_L6,color,,
310_L6,combine,,
311_L6,come,1659_l33,come
312_L6,comedy,,
313_L6,comfortable,1132_l23,comfortable
314_L6,comma,,
315_L6,comment,1320_l26,comment
316_L6,common,1326_l26,common
317_L6,communicate,,
318_L6,company,861_l17,company
319_L6,compare,583_l11,compare
320_L6,competition,866_l17,competition
321_L6,complain,860_l17,complain
322_L6,complete,867_l17,complete
323_L6,computer,,
324_L6,con,,
325_L6,concentrate,,
326_L6,concert,,
327_L6,condition,939_l19,condition
328_L6,conference,,
329_L6,confident,1310_l26,confident
330_L6,conjunction,,
331_L6,connect,1193_l24,connect
332_L6,consider,,
333_L6,continue,1302_l26,continue
334_L6,control,,
335_L6,convenient,,
336_L6,conversation,1451_l29,conversation
337_L6,cook,283_l5,cook
338_L6,cookie,282_l5,cookie
338_L6,cookie,843_l16,cookie
339_L6,cool,285_l5,cool
340_L6,copy,,
341_L6,corner,965_l19,corner
342_L6,correct,307_l6,correct
342_L6,correct,1194_l24,correct
343_L6,cost,1632_l32,cost
344_L6,costume,1634_l32,costume
345_L7,cotton,,
346_L7,cough,1027_l20,cough
347_L7,could,597_l11,could
348_L7,count,15_l1,count
349_L7,country,12_l1,country
350_L7,couple,18_l1,couple
351_L7,courage,,
352_L7,course,19_l1,course
353_L7,court,,
354_L7,cousin,20_l1,cousin
355_L7,cover,788_l15,cover
356_L7,cow,829_l16,cow
357_L7,crazy,738_l14,crazy
358_L7,cream,,
359_L7,create,,
360_L7,creative,,
361_L7,creature,,
362_L7,criticize,,
363_L7,cross,1313_l26,cross
364_L7,crowd,831_l16,crowd
365_L7,cruel,,
366_L7,cry,1336_l27,cry
367_L7,culture,1426_l28,culture
368_L7,cup,,
369_L7,cupboard,,
370_L7,custom,,
371_L7,cut,,
372_L7,cute,,
373_L7,dad,,
374_L7,daily,1683_l33,daily
375_L7,dance,,
376_L7,danger,694_l13,danger
377_L7,dangerous,695_l13,dangerous
378_L7,dare,581_l11,dare
379_L7,dark,582_l11,dark
380_L7,date,83_l2,date
381_L7,daughter,,
382_L7,day,1100_l22,day
383_L7,dead,143_l3,dead
384_L7,deaf,142_l3,deaf
385_L7,deal,145_l3,deal
386_L7,dear,146_l3,dear
387_L7,death,144_l3,death
388_L7,December,806_l15,December
389_L7,decide,,
390_L7,deep,223_l4,deep
391_L7,degree,1744_l34,degree
392_L7,delicious,,
393_L7,dentist,,
394_L7,department,662_l12,department
395_L7,depend,486_l9,depend
396_L7,describe,1148_l23,describe
397_L7,design,1146_l23,design
398_L7,desk,1145_l23,desk
399_L7,dessert,,
400_L7,destroy,1150_l23,destroy
401_L7,develop,,
402_L8,dialogue,,
403_L8,diary,,
404_L8,dictionary,1089_l22,dictionary
405_L8,die,1720_l34,die
406_L8,diet,,
407_L8,difference,1362_l27,difference
408_L8,difficult,1363_l27,difficult
409_L8,dig,1353_l27,dig
410_L8,dinner,,
411_L8,direct,305_l6,direct
412_L8,dirty,1018_l20,dirty
413_L8,disabled,,
414_L8,disadvantage,,
415_L8,disappointing,,
416_L8,discover,789_l15,discover
417_L8,discovery,790_l15,discovery
418_L8,discuss,,
419_L8,discussion,,
420_L8,disease,,
421_L8,dish,22_l1,dish
422_L8,dislike,678_l13,dislike
423_L8,dismiss,,
424_L8,display,,
425_L8,distance,,
426_L8,district,,
427_L8,disturb,,
428_L8,divide,464_l8,divide
429_L8,do,,
430_L8,doctor,1322_l26,doctor
431_L8,documentary,,
432_L8,dog,,
433_L8,doll,1691_l33,doll
434_L8,dollar,1692_l33,dollar
435_L8,donate,,
436_L8,door,116_l3,door
437_L8,dormitory,,
438_L8,double,1143_l23,double
439_L8,doubt,,
440_L8,down,,
441_L8,dozen,,
442_L8,draw,1333_l27,draw
443_L8,dream,,
444_L8,dress,333_l6,dress
444_L8,dress,339_l6,dress
445_L8,drink,764_l14,drink
446_L8,drive,465_l8,drive
447_L8,drop,1335_l27,drop
448_L8,drug,,
449_L8,drum,1334_l27,drum
449_L8,drum,1704_l33,drum
450_L8,dry,1332_l27,dry
451_L8,duck,1585_l31,duck
452_L8,dull,1690_l33,dull
453_L8,dumpling,1166_l24,dumpling
454_L8,during,1703_l33,during
455_L8,duty,1420_l28,duty
456_L8,each,157_l3,each
457_L8,ear,766_l15,ear
458_L8,early,767_l15,early
459_L8,earth,773_l15,earth
460_L9,earthquake,774_l15,earthquake
461_L9,easily,,
462_L9,east,137_l3,east
463_L9,eastern,,
464_L9,easy,139_l3,easy
465_L9,eat,,
466_L9,edge,1175_l24,edge
467_L9,educate,,
468_L9,effort,,
469_L9,egg,,
470_L9,eight,233_l4,eight
471_L9,eighteen,234_l4,eighteen
472_L9,eighteenth,,
473_L9,eighth,236_l4,eighth
474_L9,eighty,235_l4,eighty
475_L9,either,106_l2,either
476_L9,elbow,,
477_L9,elder,1441_l29,elder
478_L9,electric,,
479_L9,elementary,,
480_L9,elephant,,
481_L9,elevator,,
482_L9,eleven,1275_l26,eleven
483_L9,eleventh,,
484_L9,else,,
485_L9,embarrassed,,
486_L9,emotion,,
487_L9,empty,1381_l28,empty
488_L9,encourage,,
489_L9,end,481_l9,end
490_L9,enemy,1382_l28,enemy
491_L9,energy,1383_l28,energy
492_L9,engineer,96_l2,engineer
493_L9,England,,
494_L9,English,361_l7,English
495_L9,enjoy,1378_l28,enjoy
496_L9,enough,,
497_L9,enter,,
498_L9,entertainment,,
499_L9,envelope,,
500_L9,environment,,
501_L9,equipment,,
502_L9,eraser,,
503_L9,escalator,,
504_L9,escape,,
505_L9,especially,,
506_L9,essay,,
507_L9,establish,,
508_L9,etiquette,,
509_L9,Europe,,
510_L9,European,,
511_L9,even,1271_l26,even
512_L9,evening,1276_l26,evening
513_L9,ever,778_l15,ever
514_L9,every,781_l15,every
515_L9,everybody,782_l15,everybody
516_L9,everyday,,
517_L10,everyone,,
518_L10,everything,783_l15,everything
519_L10,everywhere,784_l15,everywhere
520_L10,exam,1538_l31,exam
521_L10,examine,,
522_L10,example,1539_l31,example
523_L10,excellent,1507_l30,excellent
524_L10,except,1506_l30,except
525_L10,exchange,,
526_L10,excite,1502_l30,excite
527_L10,excuse,130_l3,excuse
528_L10,exercise,1505_l30,exercise
529_L10,exhibition,,
530_L10,expect,1180_l24,expect
531_L10,expensive,1183_l24,expensive
532_L10,experience,1182_l24,experience
533_L10,experiment,,
534_L10,explain,862_l17,explain
535_L10,express,345_l6,express
536_L10,extra,,
537_L10,eye,,
538_L10,face,1618_l32,face
539_L10,fact,1565_l31,fact
540_L10,fail,1643_l32,fail
541_L10,fair,1642_l32,fair
542_L10,fall,1657_l32,fall
543_L10,family,,
544_L10,famous,1058_l21,famous
545_L10,fan,1408_l28,fan
546_L10,fantastic,,
547_L10,far,54_l2,far
548_L10,farm,57_l2,farm
549_L10,farmer,59_l2,farmer
550_L10,fashion,,
551_L10,fast,169_l3,fast
551_L10,fast,1706_l34,fast
552_L10,fat,1705_l34,fat
553_L10,father,216_l4,father
554_L10,favorite,,
555_L10,fax,1407_l28,fax
556_L10,fear,,
557_L10,feature,,
558_L10,February,1090_l22,February
559_L10,feed,1735_l34,feed
560_L10,feel,1736_l34,feel
561_L10,fence,,
562_L10,festival,1152_l23,festival
563_L10,fetch,,
564_L10,fever,,
565_L10,few,,
566_L10,fiction,,
567_L10,field,,
568_L10,fifteen,996_l20,fifteen
569_L10,fifteenth,,
570_L10,fifth,998_l20,fifth
571_L10,fifty,997_l20,fifty
572_L10,fight,256_l5,fight
573_L10,fill,,
574_L10,film,,
575_L11,final,,
576_L11,find,1673_l33,find
577_L11,fine,1671_l33,fine
578_L11,finger,,
579_L11,finish,21_l1,finish
580_L11,fire,311_l6,fire
581_L11,firm,,
582_L11,first,,
583_L11,fish,23_l1,fish
583_L11,fish,924_l18,fish
584_L11,fit,1406_l28,fit
585_L11,five,460_l8,five
585_L11,five,995_l20,five
586_L11,fix,1405_l28,fix
587_L11,flag,,
588_L11,flat,,
589_L11,flee,,
590_L11,flight,246_l4,flight
591_L11,floor,299_l5,floor
592_L11,flower,459_l8,flower
593_L11,flu,,
594_L11,fly,,
595_L11,fold,,
596_L11,follow,823_l16,follow
597_L11,food,292_l5,food
597_L11,food,296_l5,food
598_L11,fool,278_l5,fool
599_L11,foot,297_l5,foot
600_L11,football,298_l5,football
601_L11,for,1390_l28,for
602_L11,forbid,,
603_L11,force,,
604_L11,foreign,1394_l28,foreign
605_L11,forest,9_l1,forest
606_L11,forget,1396_l28,forget
607_L11,fork,1773_l34,fork
608_L11,form,1263_l25,form
608_L11,form,1775_l34,form
609_L11,forty,198_l4,forty
610_L11,forward,1391_l28,forward
611_L11,found,33_l1,found
612_L11,four,196_l4,four
613_L11,fourteen,197_l4,fourteen
614_L11,fourteenth,,
615_L11,fourth,199_l4,fourth
616_L11,fox,1409_l28,fox
617_L11,France,,
618_L11,free,1745_l34,free
619_L11,freeze,1748_l34,freeze
620_L11,French,,
621_L11,fresh,,
622_L11,Friday,1172_l24,Friday
623_L11,fridge,1171_l24,fridge
624_L11,friend,477_l9,friend
625_L11,friendship,478_l9,friendship
626_L11,frog,1402_l28,frog
627_L11,from,1399_l28,from
628_L11,front,1400_l28,front
629_L11,fruit,1401_l28,fruit
630_L11,frustrate,1233_l25,frustrate
631_L11,fry,,
632_L12,full,1688_l33,full
633_L12,fun,,
634_L12,funny,,
635_L12,furniture,,
636_L12,furry,,
637_L12,future,1425_l28,future
638_L12,gallery,,
639_L12,game,1259_l25,game
640_L12,garage,,
641_L12,gate,86_l2,gate
642_L12,general,,
643_L12,gentle,,
644_L12,gentleman,,
645_L12,get,,
646_L12,gift,755_l14,gift
647_L12,girl,,
648_L12,girlfriend,,
649_L12,give,461_l8,give
650_L12,glad,917_l18,glad
651_L12,glass,,
652_L12,globe,798_l15,globe
653_L12,glove,799_l15,glove
654_L12,glue,,
655_L12,go,,
656_L12,goat,503_l9,goat
657_L12,god,,
658_L12,gold,473_l9,gold
659_L12,golden,474_l9,golden
660_L12,good,,
661_L12,goodbye,,
662_L12,government,786_l15,government
663_L12,grade,1237_l25,grade
663_L12,grade,1559_l31,grade
664_L12,graduate,,
665_L12,grammar,,
666_L12,grandchild,,
667_L12,grape,1558_l31,grape
668_L12,grass,,
669_L12,gray,,
670_L12,great,330_l6,great
671_L12,green,326_l6,green
672_L12,greet,328_l6,greet
673_L12,ground,37_l1,ground
674_L12,group,30_l1,group
675_L12,grow,,
676_L12,guard,,
677_L12,guess,880_l17,guess
678_L12,guest,,
679_L12,guide,652_l12,guide
680_L12,guidebook,653_l12,guidebook
681_L12,guilty,,
682_L12,gum,,
683_L12,gun,,
684_L12,guy,1581_l31,guy
685_L12,gym,,
686_L12,habit,904_l18,habit
687_L12,habitat,,
688_L12,hair,1645_l32,hair
689_L12,haircut,1646_l32,haircut
690_L13,half,,
691_L13,hall,519_l9,hall
692_L13,hallway,,
693_L13,ham,,
694_L13,hamburger,,
695_L13,hand,,
696_L13,handbag,,
697_L13,handsome,,
698_L13,hang,,
699_L13,happen,1213_l25,happen
700_L13,happy,1214_l25,happy
701_L13,hard,322_l6,hard
702_L13,hardly,324_l6,hardly
703_L13,hat,85_l2,hat
704_L13,hate,84_l2,hate
705_L13,have,82_l2,have
706_L13,he,,
707_L13,head,183_l4,head
708_L13,headache,184_l4,headache
709_L13,health,187_l4,health
710_L13,hear,,
711_L13,heart,1675_l33,heart
712_L13,heat,182_l4,heat
713_L13,heaven,,
714_L13,heavy,190_l4,heavy
715_L13,heel,,
716_L13,height,238_l4,height
717_L13,helicopter,,
718_L13,hello,,
719_L13,help,,
720_L13,helpful,,
721_L13,hen,572_l10,hen
722_L13,her,261_l5,her
723_L13,here,265_l5,here
724_L13,hero,264_l5,hero
725_L13,hers,263_l5,hers
726_L13,hey,573_l10,hey
727_L13,hide,672_l13,hide
728_L13,high,237_l4,high
728_L13,high,676_l13,high
729_L13,hill,,
730_L13,him,1184_l24,him
731_L13,himself,1185_l24,himself
732_L13,his,1560_l31,his
733_L13,hit,1187_l24,hit
734_L13,hobby,859_l16,hobby
735_L13,hold,1224_l25,hold
736_L13,hole,1221_l25,hole
737_L13,holiday,1102_l22,holiday
738_L13,home,1769_l34,home
739_L13,homeland,,
740_L13,homeless,,
741_L13,hometown,1771_l34,hometown
742_L13,homework,1770_l34,homework
743_L13,honest,,
744_L13,honey,,
745_L13,honor,,
746_L14,hope,1223_l25,hope
747_L14,horse,,
748_L14,hospital,,
749_L14,host,,
750_L14,hot,,
751_L14,hotel,,
752_L14,hour,201_l4,hour
753_L14,house,,
754_L14,housework,,
755_L14,how,825_l16,how
756_L14,however,828_l16,however
757_L14,huge,,
758_L14,hum,,
759_L14,human,367_l7,human
760_L14,humorous,,
761_L14,hundred,,
762_L14,hunger,,
763_L14,hungry,693_l13,hungry
764_L14,hurry,,
765_L14,hurt,,
766_L14,husband,,
767_L14,I,,
768_L14,ice,588_l11,ice
769_L14,idea,149_l3,idea
770_L14,if,,
771_L14,ill,1516_l30,ill
772_L14,illness,,
773_L14,imagine,,
774_L14,immediately,,
775_L14,impolite,,
776_L14,importance,,
777_L14,important,,
778_L14,impossible,1317_l26,impossible
779_L14,impress,342_l6,impress
780_L14,improve,1592_l31,improve
781_L14,include,,
782_L14,increase,,
783_L14,India,,
784_L14,indoors,,
785_L14,industry,,
786_L14,infinitive,,
787_L14,influence,,
788_L14,information,1265_l25,information
789_L14,injure,,
790_L14,ink,,
791_L14,insect,1177_l24,insect
792_L14,inside,427_l8,inside
793_L14,insist,,
794_L14,instance,,
795_L14,instead,,
796_L14,instruction,,
797_L14,instrument,,
798_L14,interest,1281_l26,interest
799_L14,international,1285_l26,international
800_L14,Internet,,
801_L14,interview,1286_l26,interview
802_L14,into,1111_l22,into
803_L15,introduce,1070_l21,introduce
804_L15,invent,1278_l26,invent
805_L15,invite,907_l18,invite
806_L15,iron,,
807_L15,is,,
808_L15,island,,
809_L15,it,926_l18,it
810_L15,its,927_l18,its
811_L15,itself,928_l18,itself
812_L15,jacket,407_l7,jacket
813_L15,January,,
814_L15,Japan,945_l19,Japan
815_L15,jazz,,
816_L15,jeans,,
817_L15,Jew,,
818_L15,job,853_l16,job
819_L15,join,854_l16,join
820_L15,joke,842_l16,joke
821_L15,joy,,
822_L15,juice,591_l11,juice
823_L15,July,1095_l22,July
824_L15,jump,1168_l24,jump
825_L15,June,1094_l22,June
826_L15,jungle,,
827_L15,junk,,
828_L15,just,1415_l28,just
829_L15,kangaroo,,
830_L15,keen,,
831_L15,keep,228_l4,keep
832_L15,key,,
833_L15,kick,,
834_L15,kid,1678_l33,kid
835_L15,kill,1519_l30,kill
836_L15,kilo,1520_l30,kilo
837_L15,kilometer,1522_l30,kilometer
838_L15,kind,1674_l33,kind
839_L15,king,,
840_L15,kiss,,
841_L15,kitchen,903_l18,kitchen
842_L15,kite,902_l18,kite
843_L15,knee,,
844_L15,knife,758_l14,knife
845_L15,knock,404_l7,knock
846_L15,know,171_l4,know
847_L15,lab,,
848_L15,labor,,
849_L15,laboratory,,
850_L15,lady,916_l18,lady
851_L15,lake,509_l9,lake
852_L15,lamb,1665_l33,lamb
853_L15,lamp,1664_l33,lamp
854_L15,language,,
855_L15,lap,1452_l29,lap
856_L15,large,1116_l23,large
857_L15,last,1707_l34,last
858_L15,late,535_l10,late
859_L16,later,538_l10,later
860_L16,latest,537_l10,latest
861_L16,laugh,1023_l20,laugh
862_L16,law,,
863_L16,lay,636_l12,lay
864_L16,lazy,637_l12,lazy
865_L16,lead,150_l3,lead
866_L16,leaf,147_l3,leaf
867_L16,learn,,
868_L16,least,141_l3,least
869_L16,leave,1513_l30,leave
870_L16,left,1470_l29,left
871_L16,leg,1469_l29,leg
872_L16,legend,,
873_L16,lend,484_l9,lend
874_L16,less,61_l2,less
875_L16,lesson,62_l2,lesson
876_L16,let,1471_l29,let
877_L16,letter,1566_l31,letter
878_L16,level,,
879_L16,library,1087_l22,library
880_L16,license,,
881_L16,lie,756_l14,lie
882_L16,life,750_l14,life
883_L16,lifestyle,,
884_L16,lift,754_l14,lift
885_L16,light,241_l4,light
886_L16,lighting,,
887_L16,like,677_l13,like
888_L16,line,562_l10,line
889_L16,lion,,
890_L16,list,,
891_L16,listen,,
892_L16,little,1574_l31,little
893_L16,live,564_l10,live
894_L16,local,,
895_L16,lock,398_l7,lock
896_L16,London,1038_l21,London
897_L16,lonely,73_l2,lonely
898_L16,long,76_l2,long
899_L16,look,,
900_L16,lookout,,
901_L16,lose,,
902_L16,lost,,
903_L16,lot,,
904_L16,loud,812_l15,loud
905_L16,love,796_l15,love
906_L16,loving,,
907_L16,low,816_l16,low
908_L16,luck,1582_l31,luck
909_L16,lunch,1019_l20,lunch
910_L16,machine,,
911_L16,mad,1031_l21,mad
912_L16,madam,1032_l21,madam
913_L16,magazine,,
914_L16,magic,,
915_L16,mail,685_l13,mail
916_L16,main,681_l13,main
917_L17,major,,
918_L17,make,511_l9,make
919_L17,mall,,
920_L17,man,363_l7,man
921_L17,manage,720_l14,manage
922_L17,manner,,
923_L17,many,976_l20,many
923_L17,many,1034_l21,many
924_L17,map,1033_l21,map
925_L17,marathon,,
926_L17,march,,
927_L17,mark,,
928_L17,market,,
929_L17,marriage,,
930_L17,marry,448_l8,marry
931_L17,Mars,,
932_L17,master,,
933_L17,match,458_l8,match
934_L17,material,,
935_L17,math/maths,,
936_L17,matter,1571_l31,matter
937_L17,may,,
938_L17,maybe,891_l17,maybe
939_L17,me,,
940_L17,meal,44_l1,meal
941_L17,mean,41_l1,mean
942_L17,meaning,42_l1,meaning
943_L17,meat,43_l1,meat
944_L17,medal,,
945_L17,medical,,
946_L17,medicine,,
947_L17,medium,,
948_L17,meet,45_l1,meet
949_L17,meeting,46_l1,meeting
950_L17,member,803_l15,member
951_L17,memory,801_l15,memory
952_L17,mend,369_l7,mend
953_L17,mention,358_l7,mention
954_L17,menu,368_l7,menu
955_L17,mess,,
956_L17,message,1756_l34,message
957_L17,metal,1523_l30,metal
958_L17,meter,1521_l30,meter
959_L17,method,,
960_L17,microwave,,
961_L17,middle,429_l8,middle
962_L17,might,625_l11,might
963_L17,mile,,
964_L17,milk,359_l7,milk
965_L17,million,,
966_L17,mind,569_l10,mind
967_L17,mine,568_l10,mine
968_L17,minute,,
969_L17,mirror,,
970_L17,misleading,,
971_L17,miss,,
972_L17,mistake,,
973_L17,mix,,
974_L18,mixture,,
975_L18,model,844_l16,model
976_L18,modern,846_l16,modern
977_L18,modest,,
978_L18,mom,,
979_L18,moment,,
980_L18,Monday,,
981_L18,money,,
982_L18,monkey,,
983_L18,monster,,
984_L18,month,,
985_L18,moon,247_l4,moon
986_L18,more,388_l7,more
987_L18,morning,,
988_L18,most,,
989_L18,mother,104_l2,mother
990_L18,mountain,14_l1,mountain
991_L18,mouse,,
992_L18,mouth,140_l3,mouth
993_L18,move,793_l15,move
994_L18,movie,794_l15,movie
995_L18,much,1022_l20,much
996_L18,museum,1414_l28,museum
997_L18,music,1412_l28,music
998_L18,musician,1413_l28,musician
999_L18,must,1411_l28,must
1000_L18,my,,
1001_L18,myself,921_l18,myself
1002_L18,mysterious,,
1003_L18,mystery,,
1004_L18,name,1257_l25,name
1005_L18,national,1109_l22,national
1006_L18,native,,
1007_L18,natural,1422_l28,natural
1008_L18,nature,1421_l28,nature
1009_L18,near,1202_l24,near
1010_L18,nearby,1203_l24,nearby
1011_L18,necessary,1091_l22,necessary
1012_L18,neck,1049_l21,neck
1013_L18,need,1734_l34,need
1014_L18,negative,,
1015_L18,neighbor,,
1016_L18,neither,101_l2,neither
1017_L18,nervous,1059_l21,nervous
1018_L18,net,,
1019_L18,never,780_l15,never
1020_L18,new,174_l4,new
1021_L18,newspaper,178_l4,newspaper
1022_L18,next,,
1023_L18,nice,590_l11,nice
1024_L18,night,620_l11,night
1025_L18,nine,1667_l33,nine
1026_L18,nineteen,1669_l33,nineteen
1027_L18,nineteenth,,
1028_L18,ninety,1670_l33,ninety
1029_L18,ninth,1668_l33,ninth
1030_L18,nobody,1373_l28,nobody
1031_L18,noise,1680_l33,noise
1032_L19,none,380_l7,none
1033_L19,noodle,301_l5,noodle
1034_L19,noon,251_l4,noon
1035_L19,nor,1375_l28,nor
1036_L19,normal,,
1037_L19,north,133_l3,north
1038_L19,northern,134_l3,northern
1039_L19,nose,1679_l33,nose
1040_L19,not,,
1041_L19,note,649_l12,note
1042_L19,notebook,650_l12,notebook
1043_L19,nothing,1374_l28,nothing
1044_L19,notice,587_l11,notice
1045_L19,November,808_l15,November
1046_L19,now,173_l4,now
1047_L19,number,805_l15,number
1048_L19,nurse,1536_l31,nurse
1049_L19,oak,,
1050_L19,obey,1046_l21,obey
1051_L19,object,1153_l24,object
1052_L19,ocean,,
1053_L19,October,,
1054_L19,of,,
1055_L19,off,595_l11,off
1056_L19,offend,,
1057_L19,offer,594_l11,offer
1058_L19,office,592_l11,office
1059_L19,often,1492_l30,often
1060_L19,oil,1343_l27,oil
1061_L19,OK,,
1062_L19,old,469_l9,old
1063_L19,on,,
1064_L19,once,379_l7,once
1065_L19,one,378_l7,one
1066_L19,oneself,,
1067_L19,onion,1112_l22,onion
1068_L19,online,563_l10,online
1069_L19,only,1114_l22,only
1070_L19,open,1217_l25,open
1071_L19,opera,1218_l25,opera
1072_L19,operate,1219_l25,operate
1073_L19,operation,1220_l25,operation
1074_L19,opinion,1113_l22,opinion
1075_L19,opportunity,,
1076_L19,opposite,985_l20,opposite
1077_L19,or,,
1078_L19,orange,698_l13,orange
1079_L19,organize,1449_l29,organize
1080_L19,original,,
1081_L19,other,107_l2,other
1082_L19,our,200_l4,our
1082_L19,our,610_l11,our
1083_L19,ours,611_l11,ours
1084_L19,ourselves,612_l11,ourselves
1085_L19,out,111_l3,out
1086_L19,outdoor,117_l3,outdoor
1087_L20,outgoing,,
1088_L20,outside,113_l3,outside
1088_L20,outside,428_l8,outside
1089_L20,outstanding,,
1090_L20,over,787_l15,over
1091_L20,overseas,,
1092_L20,own,,
1093_L20,owner,,
1094_L20,pack,417_l8,pack
1095_L20,page,,
1096_L20,pain,686_l13,pain
1097_L20,pair,1650_l32,pair
1098_L20,pancake,,
1099_L20,panda,944_l19,panda
1100_L20,paper,177_l4,paper
1101_L20,parent,,
1102_L20,Paris,1040_l21,Paris
1103_L20,park,654_l12,park
1104_L20,parrot,,
1105_L20,part,656_l12,part
1106_L20,particular,,
1107_L20,partner,658_l12,partner
1108_L20,party,659_l12,party
1109_L20,pass,1752_l34,pass
1110_L20,passage,1754_l34,passage
1111_L20,passenger,1755_l34,passenger
1112_L20,passport,1753_l34,passport
1113_L20,past,1750_l34,past
1114_L20,path,,
1115_L20,pay,885_l17,pay
1116_L20,peace,1198_l24,peace
1117_L20,pear,1200_l24,pear
1118_L20,peel,1738_l34,peel
1119_L20,pen,1208_l25,pen
1120_L20,pencil,1209_l25,pencil
1121_L20,penny,1211_l25,penny
1122_L20,people,1533_l31,people
1123_L20,percent,1328_l27,percent
1124_L20,perfect,1269_l25,perfect
1124_L20,perfect,1329_l27,perfect
1125_L20,perform,1267_l25,perform
1125_L20,perform,1778_l34,perform
1126_L20,perhaps,1270_l25,perhaps
1126_L20,perhaps,1330_l27,perhaps
1127_L20,period,,
1128_L20,permission,1324_l26,permission
1129_L20,person,68_l2,person
1130_L20,pet,,
1131_L20,phone,,
1132_L20,photo,,
1133_L20,photograph,,
1134_L20,phrase,,
1135_L20,physics,,
1136_L20,pick,561_l10,pick
1137_L20,picnic,943_l19,picnic
1138_L20,picture,1423_l28,picture
1139_L20,pie,1719_l34,pie
1140_L20,piece,1721_l34,piece
1141_L20,pierce,,
1142_L20,pink,759_l14,pink
1143_L20,pioneer,90_l2,pioneer
1144_L20,pity,1355_l27,pity
1145_L20,place,634_l11,place
1146_L21,plain,,
1147_L21,plan,626_l11,plan
1148_L21,plane,629_l11,plane
1149_L21,planet,632_l11,planet
1150_L21,plant,631_l11,plant
1151_L21,plastic,,
1152_L21,plate,539_l10,plate
1153_L21,play,,
1154_L21,player,,
1155_L21,pleasant,1466_l29,pleasant
1156_L21,please,1467_l29,please
1157_L21,pleasure,1465_l29,pleasure
1158_L21,plenty,,
1159_L21,pocket,410_l7,pocket
1160_L21,poem,,
1161_L21,point,1766_l34,point
1162_L21,polar,1351_l27,polar
1163_L21,police,543_l10,police
1164_L21,polite,545_l10,polite
1165_L21,pollution,1695_l33,pollution
1166_L21,pond,1042_l21,pond
1167_L21,pool,287_l5,pool
1168_L21,poor,286_l5,poor
1169_L21,pop,986_l20,pop
1169_L21,pop,1117_l23,pop
1170_L21,popcorn,,
1171_L21,popular,987_l20,popular
1171_L21,popular,1118_l23,popular
1172_L21,popularity,,
1173_L21,population,1120_l23,population
1174_L21,pork,1776_l34,pork
1175_L21,porridge,1173_l24,porridge
1176_L21,position,,
1177_L21,positive,,
1178_L21,possible,1316_l26,possible
1179_L21,possibly,,
1180_L21,post,1636_l32,post
1181_L21,postcard,1638_l32,postcard
1182_L21,poster,1639_l32,poster
1183_L21,postman,1640_l32,postman
1184_L21,potato,1370_l27,potato
1184_L21,potato,1630_l32,potato
1185_L21,pound,32_l1,pound
1186_L21,pour,617_l11,pour
1187_L21,practice,1300_l26,practice
1188_L21,praise,1295_l26,praise
1189_L21,predict,1084_l22,predict
1190_L21,prediction,,
1191_L21,prefer,1080_l22,prefer
1192_L21,prepare,586_l11,prepare
1193_L21,present,1082_l22,present
1194_L21,president,1083_l22,president
1195_L21,press,341_l6,press
1196_L21,pressure,,
1197_L21,pretend,,
1198_L21,pretty,1081_l22,pretty
1199_L22,prevent,1280_l26,prevent
1200_L22,price,1763_l34,price
1201_L22,pride,433_l8,pride
1202_L22,primary,1092_l22,primary
1203_L22,print,1764_l34,print
1204_L22,prison,67_l2,prison
1205_L22,private,,
1206_L22,prize,434_l8,prize
1207_L22,pro,,
1208_L22,probably,1065_l21,probably
1209_L22,problem,1064_l21,problem
1210_L22,produce,1068_l21,produce
1211_L22,product,,
1212_L22,professional,,
1213_L22,program,,
1214_L22,progress,344_l6,progress
1215_L22,project,1158_l24,project
1216_L22,promise,1069_l21,promise
1217_L22,pronoun,,
1218_L22,pronounce,,
1219_L22,proper,1063_l21,proper
1220_L22,protect,1159_l24,protect
1221_L22,proud,809_l15,proud
1222_L22,prove,1591_l31,prove
1223_L22,provide,1067_l21,provide
1223_L22,provide,1597_l31,provide
1224_L22,province,1768_l34,province
1225_L22,public,1484_l30,public
1226_L22,pull,1687_l33,pull
1227_L22,punish,29_l1,punish
1228_L22,pupil,,
1229_L22,purple,1534_l31,purple
1230_L22,purpose,1537_l31,purpose
1231_L22,purse,1535_l31,purse
1232_L22,push,1480_l29,push
1233_L22,put,1482_l30,put
1234_L22,quality,,
1235_L22,quarter,,
1236_L22,queen,,
1237_L22,question,,
1238_L22,queue,,
1239_L22,quick,555_l10,quick
1240_L22,quiet,,
1241_L22,quite,,
1242_L22,rabbit,906_l18,rabbit
1243_L22,race,1623_l32,race
1244_L22,radio,1458_l29,radio
1245_L22,railway,1730_l34,railway
1246_L22,rain,1722_l34,rain
1247_L22,raincoat,1725_l34,raincoat
1248_L22,raise,765_l14,raise
1248_L22,raise,1294_l26,raise
1249_L22,rank,,
1250_L22,rapid,,
1251_L22,rat,,
1252_L22,rather,218_l4,rather
1253_L22,reach,159_l3,reach
1254_L22,read,166_l3,read
1255_L22,ready,167_l3,ready
1256_L22,real,47_l1,real
1257_L23,realistic,,
1258_L23,realize,48_l1,realize
1259_L23,really,49_l1,really
1260_L23,reason,65_l2,reason
1261_L23,receive,1053_l21,receive
1262_L23,recent,,
1263_L23,recipe,,
1264_L23,recite,,
1265_L23,record,1051_l21,record
1265_L23,record,1435_l29,record
1266_L23,recycle,,
1267_L23,red,1697_l33,red
1268_L23,refrigerator,,
1269_L23,refuse,124_l3,refuse
1270_L23,regard,1439_l29,regard
1271_L23,regret,,
1272_L23,regular,,
1273_L23,relation,639_l12,relation
1274_L23,relative,638_l12,relative
1275_L23,relax,641_l12,relax
1276_L23,remain,,
1277_L23,remember,804_l15,remember
1278_L23,rent,,
1279_L23,repair,1651_l32,repair
1280_L23,repeat,,
1281_L23,reply,,
1282_L23,report,526_l10,report
1283_L23,represent,,
1284_L23,require,,
1285_L23,research,,
1286_L23,resolution,,
1287_L23,rest,4_l1,rest
1288_L23,restaurant,7_l1,restaurant
1289_L23,restroom,6_l1,restroom
1290_L23,result,,
1291_L23,retire,,
1292_L23,return,371_l7,return
1293_L23,reveal,,
1294_L23,review,1288_l26,review
1295_L23,rice,1761_l34,rice
1296_L23,rich,1760_l34,rich
1297_L23,ride,430_l8,ride
1298_L23,right,252_l5,right
1299_L23,ring,1701_l33,ring
1300_L23,rise,1291_l26,rise
1300_L23,rise,1530_l31,rise
1301_L23,risk,955_l19,risk
1301_L23,risk,1292_l26,risk
1302_L23,river,467_l8,river
1303_L23,road,,
1304_L23,robot,856_l16,robot
1305_L23,rock,405_l7,rock
1306_L23,rocket,406_l7,rocket
1307_L23,role,1226_l25,role
1308_L23,room,731_l14,room
1309_L23,root,293_l5,root
1310_L23,rope,,
1311_L23,rose,1228_l25,rose
1312_L23,round,34_l1,round
1313_L23,route,,
1314_L23,row,830_l16,row
1315_L24,rubbish,872_l17,rubbish
1316_L24,rude,871_l17,rude
1317_L24,rule,869_l17,rule
1318_L24,ruler,870_l17,ruler
1319_L24,run,,
1320_L24,rural,,
1321_L24,rush,1478_l29,rush
1322_L24,Russia,,
1323_L24,sad,1029_l21,sad
1324_L24,safe,1547_l31,safe
1325_L24,safety,1549_l31,safety
1326_L24,sail,1161_l24,sail
1327_L24,salad,1546_l31,salad
1328_L24,sale,1544_l31,sale
1329_L24,salt,1550_l31,salt
1330_L24,same,1261_l25,same
1331_L24,sand,,
1332_L24,sandwich,,
1333_L24,satisfy,,
1334_L24,Saturday,1105_l22,Saturday
1335_L24,sauce,,
1336_L24,sausage,,
1337_L24,save,81_l2,save
1338_L24,say,749_l14,say
1339_L24,saying,,
1340_L24,scared,,
1341_L24,scarf,,
1342_L24,scary,1247_l25,scary
1343_L24,scene,,
1344_L24,school,275_l5,school
1345_L24,schoolbag,277_l5,schoolbag
1346_L24,schoolwork,,
1347_L24,science,1307_l26,science
1348_L24,scientific,,
1349_L24,scientist,1308_l26,scientist
1350_L24,score,1248_l25,score
1351_L24,screen,334_l6,screen
1352_L24,sea,207_l4,sea
1353_L24,seal,211_l4,seal
1354_L24,search,212_l4,search
1355_L24,season,209_l4,season
1356_L24,seat,210_l4,seat
1357_L24,second,1043_l21,second
1358_L24,secret,,
1359_L24,secretary,,
1360_L24,see,1607_l32,see
1361_L24,seek,1611_l32,seek
1362_L24,seem,1608_l32,seem
1363_L24,seldom,,
1364_L24,sell,713_l14,sell
1365_L24,semester,,
1366_L24,send,483_l9,send
1367_L24,sense,,
1368_L24,sentence,1493_l30,sentence
1369_L24,separate,,
1370_L24,September,807_l15,September
1371_L24,serious,1057_l21,serious
1372_L24,servant,1056_l21,servant
1373_L25,serve,1055_l21,serve
1374_L25,service,,
1375_L25,set,1472_l29,set
1375_L25,set,1532_l31,set
1376_L25,seven,1272_l26,seven
1377_L25,seventeen,,
1378_L25,seventeenth,,
1379_L25,seventh,1274_l26,seventh
1380_L25,seventy,1273_l26,seventy
1381_L25,several,776_l15,several
1382_L25,shake,668_l12,shake
1383_L25,shall,516_l9,shall
1384_L25,shame,665_l12,shame
1385_L25,shampoo,,
1386_L25,shape,664_l12,shape
1387_L25,share,666_l12,share
1388_L25,shark,663_l12,shark
1389_L25,she,918_l18,she
1390_L25,sheep,229_l4,sheep
1391_L25,shelf,920_l18,shelf
1392_L25,shell,919_l18,shell
1393_L25,shine,1527_l31,shine
1394_L25,shiny,,
1395_L25,ship,702_l13,ship
1396_L25,shirt,709_l13,shirt
1397_L25,shock,413_l7,shock
1398_L25,shoe,487_l9,shoe
1399_L25,shoot,493_l9,shoot
1400_L25,shop,488_l9,shop
1401_L25,short,495_l9,short
1401_L25,short,712_l13,short
1402_L25,should,605_l11,should
1403_L25,shoulder,606_l11,shoulder
1404_L25,shout,494_l9,shout
1405_L25,show,491_l9,show
1406_L25,shower,496_l9,shower
1407_L25,shut,490_l9,shut
1408_L25,shy,703_l13,shy
1409_L25,sick,553_l10,sick
1410_L25,side,425_l8,side
1411_L25,sign,1147_l23,sign
1412_L25,silent,1304_l26,silent
1413_L25,silk,,
1414_L25,silver,,
1415_L25,similar,895_l18,similar
1416_L25,simple,1541_l31,simple
1417_L25,since,1762_l34,since
1418_L25,sing,761_l14,sing
1419_L25,singer,762_l14,singer
1420_L25,single,763_l14,single
1421_L25,singular,,
1422_L25,sink,760_l14,sink
1423_L25,sir,990_l20,sir
1424_L25,sister,,
1425_L25,sit,983_l20,sit
1426_L25,situation,984_l20,situation
1427_L25,six,991_l20,six
1428_L25,sixteen,992_l20,sixteen
1429_L26,sixteenth,,
1430_L26,sixth,994_l20,sixth
1431_L26,sixty,993_l20,sixty
1432_L26,size,,
1433_L26,skate,740_l14,skate
1434_L26,skill,710_l13,skill
1435_L26,skin,707_l13,skin
1436_L26,skirt,708_l13,skirt
1437_L26,sky,704_l13,sky
1438_L26,sleep,230_l4,sleep
1439_L26,slice,,
1440_L26,slide,,
1441_L26,slipper,,
1442_L26,slow,819_l16,slow
1443_L26,small,717_l14,small
1444_L26,smart,438_l8,smart
1445_L26,smell,715_l14,smell
1446_L26,smile,894_l18,smile
1447_L26,smoke,847_l16,smoke
1448_L26,snake,667_l12,snake
1449_L26,snow,179_l4,snow
1450_L26,so,,
1451_L26,soap,1456_l29,soap
1452_L26,soccer,,
1453_L26,social,,
1454_L26,society,,
1455_L26,sock,412_l7,sock
1456_L26,sofa,,
1457_L26,soft,1244_l25,soft
1458_L26,soldier,471_l9,soldier
1459_L26,solid,,
1460_L26,solution,1349_l27,solution
1461_L26,solve,1348_l27,solve
1462_L26,some,1251_l25,some
1463_L26,somebody,1253_l25,somebody
1464_L26,someone,1252_l25,someone
1465_L26,something,1254_l25,something
1466_L26,sometimes,1256_l25,sometimes
1467_L26,somewhere,271_l5,somewhere
1468_L26,son,63_l2,son
1469_L26,song,79_l2,song
1470_L26,soon,64_l2,soon
1471_L26,sorry,,
1472_L26,sort,,
1473_L26,sound,31_l1,sound
1474_L26,soup,614_l11,soup
1474_L26,soup,1459_l29,soup
1475_L26,sour,613_l11,sour
1475_L26,sour,1460_l29,sour
1476_L26,south,132_l3,south
1477_L26,southeast,,
1478_L26,southern,,
1479_L26,space,1624_l32,space
1480_L26,spare,1625_l32,spare
1481_L26,speak,1609_l32,speak
1482_L26,special,,
1483_L26,specially,,
1484_L26,specific,,
1485_L26,specifically,,
1486_L26,speech,1732_l34,speech
1487_L26,speed,1731_l34,speed
1488_L27,spell,718_l14,spell
1489_L27,spend,485_l9,spend
1490_L27,spider,,
1491_L27,spirit,1360_l27,spirit
1492_L27,spoken,,
1493_L27,spoon,647_l12,spoon
1494_L27,sport,529_l10,sport
1495_L27,spot,,
1496_L27,spotlight,,
1497_L27,spread,163_l3,spread
1498_L27,spring,1702_l33,spring
1499_L27,square,1241_l25,square
1500_L27,staff,,
1501_L27,stage,743_l14,stage
1502_L27,stair,,
1503_L27,stamp,1662_l33,stamp
1504_L27,stand,,
1505_L27,standard,,
1506_L27,star,747_l14,star
1507_L27,start,741_l14,start
1508_L27,state,744_l14,state
1509_L27,statement,745_l14,statement
1510_L27,station,746_l14,station
1511_L27,stay,748_l14,stay
1512_L27,steal,214_l4,steal
1513_L27,step,226_l4,step
1514_L27,stick,558_l10,stick
1515_L27,still,,
1516_L27,stomach,,
1517_L27,stone,384_l7,stone
1518_L27,stop,383_l7,stop
1519_L27,store,385_l7,store
1519_L27,store,1249_l25,store
1520_L27,storm,387_l7,storm
1521_L27,story,386_l7,story
1521_L27,story,1562_l31,story
1522_L27,straight,255_l5,straight
1523_L27,strange,699_l13,strange
1524_L27,strategy,,
1525_L27,stream,,
1526_L27,street,331_l6,street
1527_L27,stress,332_l6,stress
1528_L27,strict,1085_l22,strict
1529_L27,string,75_l2,string
1530_L27,strong,78_l2,strong
1531_L27,structure,,
1532_L27,student,,
1533_L27,study,,
1534_L27,stupid,,
1535_L27,style,,
1536_L27,subject,1154_l24,subject
1537_L27,subway,,
1538_L27,succeed,,
1539_L27,success,882_l17,success
1540_L27,such,1021_l20,such
1541_L27,sudden,,
1542_L27,sugar,,
1543_L27,suggest,,
1544_L27,suit,1138_l23,suit
1545_L27,suitable,1137_l23,suitable
1546_L28,suitcase,,
1547_L28,summer,,
1548_L28,sun,1524_l31,sun
1549_L28,Sunday,1526_l31,Sunday
1550_L28,sunny,1525_l31,sunny
1551_L28,super,,
1552_L28,supermarket,,
1553_L28,supper,,
1554_L28,supply,,
1555_L28,support,530_l10,support
1556_L28,sure,1461_l29,sure
1557_L28,surf,1620_l32,surf
1558_L28,surface,1619_l32,surface
1559_L28,surprise,1296_l26,surprise
1560_L28,survey,1464_l29,survey
1561_L28,sweep,205_l4,sweep
1562_L28,sweet,206_l4,sweet
1563_L28,swim,1188_l24,swim
1564_L28,swing,,
1565_L28,symbol,,
1566_L28,symphony,,
1567_L28,table,1126_l23,table
1567_L28,table,1131_l23,table
1568_L28,tag,,
1569_L28,tail,1163_l24,tail
1570_L28,take,510_l9,take
1571_L28,tale,1556_l31,tale
1572_L28,talent,,
1573_L28,talented,,
1574_L28,talk,1552_l31,talk
1575_L28,tall,1654_l32,tall
1576_L28,tape,1557_l31,tape
1577_L28,task,512_l9,task
1578_L28,taste,1759_l34,taste
1579_L28,tasty,,
1580_L28,taxi,,
1581_L28,tea,152_l3,tea
1582_L28,teach,154_l3,teach
1583_L28,teacher,155_l3,teacher
1584_L28,team,160_l3,team
1585_L28,teen,,
1586_L28,teenager,724_l14,teenager
1587_L28,telephone,,
1588_L28,tell,1652_l32,tell
1589_L28,temperature,1428_l28,temperature
1590_L28,ten,1490_l30,ten
1591_L28,tennis,1491_l30,tennis
1592_L28,tense,,
1593_L28,tenth,,
1594_L28,term,1495_l30,term
1595_L28,terrible,1140_l23,terrible
1596_L28,terrorist,1142_l23,terrorist
1597_L28,test,3_l1,test
1598_L28,text,1_l1,text
1599_L28,than,1604_l32,than
1600_L28,thank,1598_l32,thank
1601_L28,that,1605_l32,that
1602_L28,the,,
1603_L29,theater/theatre,,
1604_L29,their,,
1605_L29,theirs,,
1606_L29,them,576_l10,them
1607_L29,theme,578_l10,theme
1608_L29,themselves,577_l10,themselves
1609_L29,then,575_l10,then
1610_L29,there,268_l5,there
1611_L29,therefore,,
1612_L29,these,267_l5,these
1612_L29,these,1686_l33,these
1613_L29,they,574_l10,they
1614_L29,thick,392_l7,thick
1615_L29,thief,1130_l23,thief
1616_L29,thin,389_l7,thin
1617_L29,thing,390_l7,thing
1618_L29,think,391_l7,think
1619_L29,third,1014_l20,third
1620_L29,thirsty,1017_l20,thirsty
1621_L29,thirteen,1015_l20,thirteen
1622_L29,thirteenth,,
1623_L29,thirtieth,,
1624_L29,thirty,1016_l20,thirty
1625_L29,this,,
1626_L29,those,266_l5,those
1626_L29,those,1684_l33,those
1627_L29,though,,
1628_L29,thousand,,
1629_L29,three,1741_l34,three
1630_L29,thrill,,
1631_L29,throat,,
1632_L29,through,,
1633_L29,throw,834_l16,throw
1634_L29,Thursday,1107_l22,Thursday
1635_L29,ticket,393_l7,ticket
1635_L29,ticket,560_l10,ticket
1636_L29,tidy,,
1637_L29,tie,1717_l34,tie
1638_L29,tiger,,
1639_L29,till,,
1640_L29,time,1713_l34,time
1641_L29,tiny,,
1642_L29,tired,309_l6,tired
1643_L29,to,,
1644_L29,toast,,
1645_L29,today,1101_l22,today
1646_L29,together,110_l2,together
1647_L29,toilet,1346_l27,toilet
1648_L29,tomato,1369_l27,tomato
1648_L29,tomato,1631_l32,tomato
1649_L29,tomorrow,840_l16,tomorrow
1650_L29,ton,,
1651_L29,tonight,623_l11,tonight
1652_L29,too,,
1653_L29,tool,279_l5,tool
1654_L29,tooth,274_l5,tooth
1655_L29,top,382_l7,top
1655_L29,top,1365_l27,top
1656_L29,topic,1366_l27,topic
1657_L29,total,,
1658_L29,touch,1028_l20,touch
1659_L30,tour,607_l11,tour
1660_L30,tourist,608_l11,tourist
1661_L30,tower,454_l8,tower
1662_L30,town,,
1663_L30,toy,1376_l28,toy
1664_L30,trade,933_l19,trade
1665_L30,traditional,938_l19,traditional
1666_L30,traffic,,
1667_L30,tragedy,,
1668_L30,train,1726_l34,train
1669_L30,translate,533_l10,translate
1670_L30,transportation,528_l10,transportation
1671_L30,trash,,
1672_L30,travel,934_l19,travel
1673_L30,treasure,,
1674_L30,treat,,
1675_L30,treatment,,
1676_L30,tree,1742_l34,tree
1677_L30,trip,1339_l27,trip
1678_L30,trouble,1139_l23,trouble
1679_L30,truck,1586_l31,truck
1680_L30,true,1588_l31,true
1681_L30,trust,,
1682_L30,truth,1590_l31,truth
1683_L30,try,1338_l27,try
1684_L30,Tuesday,1106_l22,Tuesday
1685_L30,turkey,,
1686_L30,turn,372_l7,turn
1687_L30,turtle,370_l7,turtle
1688_L30,tutor,,
1689_L30,twelfth,1000_l20,twelfth
1690_L30,twelve,999_l20,twelve
1691_L30,twentieth,,
1692_L30,twenty,,
1693_L30,twice,548_l10,twice
1694_L30,twin,,
1695_L30,two,,
1696_L30,type,,
1697_L30,ugly,,
1698_L30,umbrella,,
1699_L30,unable,1123_l23,unable
1700_L30,uncle,914_l18,uncle
1701_L30,uncomfortable,1134_l23,uncomfortable
1702_L30,under,36_l1,under
1702_L30,under,909_l18,under
1703_L30,underground,38_l1,underground
1704_L30,understand,,
1705_L30,underwater,,
1706_L30,unfamiliar,,
1707_L30,unfriendly,480_l9,unfriendly
1708_L30,unhappy,1215_l25,unhappy
1709_L30,unhealthy,189_l4,unhealthy
1710_L30,uniform,,
1711_L30,unimportant,,
1712_L30,unit,,
1713_L30,university,,
1714_L30,unless,881_l17,unless
1715_L30,unpleasant,,
1716_L30,until,,
1717_L30,unusual,,
1718_L30,up,,
1719_L31,upon,,
1720_L31,upset,,
1721_L31,upstairs,,
1722_L31,us,,
1723_L31,use,121_l3,use
1724_L31,useful,126_l3,useful
1725_L31,usual,,
1726_L31,value,,
1727_L31,vegetable,1136_l23,vegetable
1728_L31,verb,1594_l31,verb
1729_L31,very,1474_l29,very
1730_L31,video,,
1731_L31,view,1287_l26,view
1732_L31,village,726_l14,village
1733_L31,violin,,
1734_L31,visit,988_l20,visit
1735_L31,vocabulary,1093_l22,vocabulary
1736_L31,voice,550_l10,voice
1737_L31,volleyball,,
1738_L31,volunteer,,
1739_L31,wait,968_l19,wait
1740_L31,waiter,970_l19,waiter
1741_L31,wake,507_l9,wake
1742_L31,walk,1553_l31,walk
1743_L31,wall,523_l9,wall
1744_L31,wallet,524_l9,wallet
1745_L31,want,628_l11,want
1746_L31,war,317_l6,war
1747_L31,warm,321_l6,warm
1747_L31,warm,959_l19,warm
1748_L31,warn,320_l6,warn
1749_L31,wash,728_l14,wash
1750_L31,waste,974_l19,waste
1750_L31,waste,1758_l34,waste
1751_L31,watch,453_l8,watch
1752_L31,water,540_l10,water
1753_L31,watermelon,,
1754_L31,wave,1512_l30,wave
1755_L31,way,884_l17,way
1756_L31,we,,
1757_L31,weak,1612_l32,weak
1758_L31,wealth,,
1759_L31,wear,966_l19,wear
1759_L31,wear,1613_l32,wear
1760_L31,weather,219_l4,weather
1761_L31,Wednesday,,
1762_L31,week,1614_l32,week
1763_L31,weekday,1616_l32,weekday
1764_L31,weekend,1617_l32,weekend
1765_L31,weight,240_l4,weight
1766_L31,welcome,1661_l33,welcome
1767_L31,well,1655_l32,well
1768_L31,west,135_l3,west
1768_L31,west,975_l19,west
1769_L31,western,136_l3,western
1770_L31,wet,,
1771_L31,whale,893_l18,whale
1772_L31,what,1606_l32,what
1773_L31,whatever,,
1774_L31,wheat,,
1775_L31,wheel,1740_l34,wheel
1776_L31,when,570_l10,when
1777_L31,whenever,571_l10,whenever
1778_L31,where,269_l5,where
1779_L31,whether,220_l4,whether
1780_L31,which,898_l18,which
1781_L31,while,892_l18,while
1782_L32,white,897_l18,white
1783_L32,who,,
1784_L32,whole,1222_l25,whole
1785_L32,whom,,
1786_L32,whose,1685_l33,whose
1787_L32,why,,
1788_L32,wide,,
1789_L32,wife,757_l14,wife
1790_L32,wild,1075_l22,wild
1791_L32,will,,
1792_L32,win,,
1793_L32,wind,,
1794_L32,window,,
1795_L32,wine,,
1796_L32,winter,,
1797_L32,wise,24_l1,wise
1798_L32,wish,25_l1,wish
1799_L32,with,26_l1,with
1800_L32,without,27_l1,without
1801_L32,wolf,475_l9,wolf
1802_L32,woman,365_l7,woman
1803_L32,wonder,910_l18,wonder
1804_L32,wonderful,911_l18,wonderful
1805_L32,wood,290_l5,wood
1806_L32,word,598_l11,word
1807_L32,work,601_l11,work
1807_L32,work,1772_l34,work
1808_L32,world,599_l11,world
1809_L32,worldwide,,
1810_L32,worry,,
1811_L32,worse,962_l19,worse
1812_L32,worst,963_l19,worst
1813_L32,worth,,
1814_L32,wound,,
1815_L32,write,951_l19,write
1816_L32,writer,952_l19,writer
1817_L32,wrong,80_l2,wrong
1818_L32,x-ray,,
1819_L32,Yang,,
1820_L32,yard,280_l5,yard
1821_L32,yeah,,
1822_L32,year,1201_l24,year
1823_L32,yellow,818_l16,yellow
1824_L32,yes,,
1825_L32,yesterday,,
1826_L32,yet,,
1827_L32,Yin,,
1828_L32,you,,
1829_L32,young,,
1830_L32,your,193_l4,your
1831_L32,yours,,
1832_L32,yourself,194_l4,yourself
1833_L32,yourselves,195_l4,yourselves
1834_L32,zebra,,
1835_L32,zero,,
1836_L32,zigzag,,
1837_L32,zoo,,
,,2_l1,textbook
,,5_l1,restless
,,10_l1,vest
,,11_l1,harvest
,,13_l1,countryside
,,16_l1,discount
,,17_l1,mount
,,28_l1,witch
,,39_l1,surround
,,40_l1,surrounding
,,51_l2,army
,,52_l2,alarm
,,53_l2,land
,,55_l2,farther
,,56_l2,farthest
,,58_l2,farmland
,,60_l2,farming
,,66_l2,reasonable
,,69_l2,personal
,,70_l2,personally
,,87_l2,gatekeeper
,,88_l2,delete
,,89_l2,delegate
,,92_l2,beer
,,93_l2,beef
,,94_l2,deer
,,95_l2,engine
,,98_l2,cheerful
,,102_l2,neighbour
,,103_l2,neighbourhood
,,105_l2,motherland
,,112_l3,outline
,,114_l3,outlook
,,118_l3,doormat
,,119_l3,door-bell
,,120_l3,sprout
,,122_l3,used
,,123_l3,user
,,125_l3,useless
,,129_l3,pause
,,131_l3,blouse
,,138_l3,Easter
,,148_l3,leaflet
,,151_l3,league
,,153_l3,teapot
,,158_l3,peach
,,161_l3,teamwork
,,172_l4,knowledge
,,175_l4,renew
,,176_l4,news
,,180_l4,snowy
,,181_l4,snowman
,,185_l4,headmaster
,,186_l4,heal
,,188_l4,healthy
,,191_l4,colour
,,192_l4,colorful
,,202_l4,flour
,,203_l4,sweat
,,204_l4,sweater
,,208_l4,seaside
,,213_l4,steam
,,215_l4,grand
,,1443_l29,grand
,,217_l4,grandfather
,,1446_l29,grandfather
,,221_l4,feather
,,222_l4,leather
,,224_l4,steer
,,225_l4,jeep
,,227_l4,steep
,,232_l4,sleepy
,,239_l4,weigh
,,242_l4,daylight
,,243_l4,sunlight
,,244_l4,delight
,,245_l4,delighted
,,248_l4,moonlight
,,249_l4,mooncake
,,250_l4,moor
,,254_l5,brightly
,,257_l5,fighting
,,258_l5,fright
,,259_l5,frighten
,,260_l5,frightened
,,262_l5,herself
,,270_l5,wherever
,,273_l5,smooth
,,276_l5,schoolboy
,,281_l5,schoolyard
,,284_l5,uncooked
,,288_l5,wool
,,289_l5,woolen
,,291_l5,wooden
,,294_l5,roof
,,295_l5,rooster
,,300_l5,flood
,,302_l5,goodness
,,304_l5,bloom
,,306_l6,directly
,,308_l6,tire
,,310_l6,tiring
,,312_l6,fireplace
,,313_l6,cracker
,,314_l6,firework
,,315_l6,firecracker
,,316_l6,wardrobe
,,319_l6,wardrobe
,,318_l6,ward
,,323_l6,hardworking
,,325_l6,harm
,,327_l6,greenhouse
,,329_l6,greeting
,,335_l6,grey
,,337_l6,addition
,,340_l6,programme
,,343_l6,impression
,,346_l6,expression
,,348_l7,action
,,349_l7,actor
,,350_l7,actress
,,351_l7,tractor
,,354_l7,actually
,,355_l7,attack
,,356_l7,attract
,,360_l7,milkman
,,362_l7,Englishman
,,364_l7,men
,,366_l7,women
,,373_l7,turning
,,375_l7,burnt
,,377_l7,bury
,,381_l7,bone
,,394_l7,chick
,,396_l7,click
,,399_l7,locked
,,400_l7,unlock
,,401_l7,thick fog
,,402_l7,think about
,,403_l7,think of
,,408_l7,racket
,,409_l7,bracket
,,411_l7,stocking
,,414_l7,shocked
,,415_l8,track
,,418_l8,backpack
,,423_l8,blink
,,424_l8,blind
,,431_l8,riddle
,,432_l8,paddle
,,440_l8,chart
,,441_l8,chant
,,446_l8,carve
,,455_l8,watchtower
,,456_l8,power
,,457_l8,math
,,462_l8,dive
,,463_l8,diver
,,466_l8,driver
,,472_l9,bold
,,476_l9,golf
,,479_l9,friendly
,,482_l9,ending
,,489_l9,shopping
,,492_l9,shot
,,497_l9,showery
,,499_l9,boating
,,504_l9,goal
,,505_l9,cafe
,,513_l9,bake
,,515_l9,ballet
,,522_l9,swallow
,,525_l10,port
,,527_l10,transport
,,531_l10,suppose
,,534_l10,rate
,,536_l10,lately
,,541_l10,water polo
,,542_l10,waterfall
,,544_l10,policeman
,,546_l10,politely
,,547_l10,policy
,,552_l10,advise
,,554_l10,sickly
,,556_l10,quickly
,,557_l10,tick
,,559_l10,chopstick
,,565_l10,lively
,,567_l10,living
,,584_l11,comparative
,,585_l11,comparison
,,589_l11,iceberg
,,593_l11,officer
,,596_l11,icon
,,600_l11,would
,,602_l11,worker
,,603_l11,workshop
,,604_l11,workplace
,,609_l11,tourism
,,615_l11,label
,,616_l11,labour
,,618_l11,sight
,,619_l11,sightseeing
,,621_l11,midnight
,,622_l11,nightmare
,,624_l11,tight
,,630_l11,aeroplane
,,633_l11,palace
,,635_l12,delay
,,640_l12,relay
,,642_l12,relaxing
,,643_l12,galaxy
,,645_l12,bookshop
,,646_l12,bookmark
,,651_l12,boot
,,655_l12,parking
,,657_l12,part-time
,,660_l12,apart
,,661_l12,depart
,,669_l12,shook
,,670_l12,sharp
,,671_l12,sharpener
,,673_l13,hike
,,675_l13,motorbike
,,679_l13,alike
,,680_l13,unlike
,,682_l13,mainly
,,683_l13,mainland
,,684_l13,mailbox
,,687_l13,painful
,,690_l13,paint
,,691_l13,painting
,,692_l13,painter
,,696_l13,angel
,,700_l13,stranger
,,705_l13,skip
,,706_l13,ski
,,711_l13,shore
,,714_l14,seller
,,716_l14,smelly
,,719_l14,spelling
,,721_l14,manager
,,723_l14,teenage
,,727_l14,villager
,,729_l14,washroom
,,730_l14,Washington
,,732_l14,bath
,,735_l14,bedroom
,,736_l14,cash
,,737_l14,crash
,,739_l14,broom
,,742_l14,stare
,,751_l14,lifetime
,,752_l14,lifeboat
,,753_l14,wildlife
,,1076_l22,wildlife
,,768_l15,earlier
,,770_l15,cleaner
,,772_l15,clearly
,,777_l15,severely
,,779_l15,forever
,,785_l15,govern
,,791_l15,poverty
,,792_l15,novel
,,795_l15,moving
,,797_l15,lovely
,,802_l15,memorial
,,811_l15,cloudy
,,813_l15,loudly
,,815_l15,loudspeaker
,,820_l16,slowly
,,824_l16,following
,,832_l16,crowded
,,833_l16,crop
,,835_l16,thrown
,,836_l16,arrow
,,837_l16,narrow
,,838_l16,sparrow
,,841_l16,coke
,,845_l16,modem
,,848_l16,smoker
,,849_l16,smog
,,850_l16,broke
,,851_l16,broken
,,852_l16,rob
,,855_l16,sob
,,857_l16,robber
,,858_l16,robbery
,,863_l17,explore
,,864_l17,explorer
,,865_l17,compete
,,868_l17,rub
,,873_l17,British
,,874_l17,Britain
,,877_l17,cheater
,,879_l17,chef
,,883_l17,successful
,,886_l17,paw
,,890_l17,May
,,896_l18,mobile
,,899_l18,whisper
,,901_l18,bite
,,905_l18,orbit
,,908_l18,invitation
,,912_l18,undersea
,,913_l18,underneath
,,915_l18,ladder
,,922_l18,self-respect
,,923_l18,shellfish
,,925_l18,selfish
,,929_l18,Italy
,,930_l18,Italian
,,931_l18,Australian
,,935_l19,traveler
,,937_l19,tradition
,,940_l19,conductor
,,941_l19,pan
,,942_l19,panic
,,946_l19,Japanese
,,949_l19,chin
,,953_l19,writing
,,954_l19,wrist
,,956_l19,risky
,,957_l19,rewrite
,,958_l19,favourite
,,960_l19,warmth
,,961_l19,worm
,,964_l19,corn
,,967_l19,worn
,,969_l19,waiting
,,971_l19,waitress
,,972_l19,monitor
,,973_l19,waist
,,982_l20,anytime
,,989_l20,visitor
,,1003_l20,badly
,,1004_l20,badminton
,,1005_l20,bet
,,1008_l20,beg
,,1010_l20,beginning
,,1020_l20,lunchtime
,,1024_l20,naughty
,,1025_l20,launch
,,1026_l20,tough
,,1030_l21,sadly
,,1035_l21,Germany
,,1036_l21,German
,,1037_l21,pardon
,,1039_l21,parliament
,,1041_l21,garden
,,1044_l21,secondhand
,,1048_l21,backyard
,,1050_l21,necklace
,,1052_l21,recognize
,,1060_l21,deserve
,,1061_l21,desert
,,1062_l21,reserve
,,1066_l21,properly
,,1071_l21,introduction
,,1077_l22,chips
,,1078_l22,chill
,,1086_l22,strike
,,1088_l22,librarian
,,1097_l22,blues
,,1098_l22,junior
,,1099_l22,senior
,,1494_l30,senior
,,1103_l22,midday
,,1104_l22,daytime
,,1108_l22,nation
,,1110_l22,intonation
,,1115_l22,onto
,,1119_l23,unpopular
,,1121_l23,punctuation
,,1124_l23,cable
,,1125_l23,cabin
,,1127_l23,believable
,,1128_l23,belief
,,1133_l23,comfort
,,1135_l23,unforgettable
,,1141_l23,terrific
,,1144_l23,trousers
,,1149_l23,description
,,1151_l23,destination
,,1155_l24,inject
,,1156_l24,injection
,,1157_l24,adjective
,,1160_l24,protection
,,1162_l24,sailor
,,1164_l24,tailor
,,1165_l24,sailing
,,1167_l24,pumpkin
,,1169_l24,jumper
,,1174_l24,hedge
,,1176_l24,judge
,,1178_l24,inspect
,,1179_l24,inspector
,,1181_l24,expert
,,1186_l24,rim
,,1189_l24,swimming
,,1190_l24,swimsuit
,,1192_l24,collection
,,1196_l24,collapse
,,1197_l24,pea
,,1199_l24,per
,,1204_l24,nearly
,,1206_l24,disappear
,,1207_l24,disappearance
,,1210_l25,penfriend
,,1212_l25,penguin
,,1216_l25,happily
,,1225_l25,pole
,,1227_l25,roller-skating
,,1229_l25,grate
,,1230_l25,grateful
,,1231_l25,decorate
,,1232_l25,decoration
,,1234_l25,frustrated
,,1236_l25,celebration
,,1238_l25,centigrade
,,1239_l25,grace
,,1240_l25,rare
,,1242_l25,bare
,,1243_l25,software
,,1245_l25,softball
,,1246_l25,scare
,,1250_l25,drugstore
,,1255_l25,sometime
,,1260_l25,came
,,1262_l25,sample
,,1543_l31,sample
,,1264_l25,inform
,,1266_l25,platform
,,1777_l34,platform
,,1268_l25,performance
,,1779_l34,performance
,,1277_l26,event
,,1279_l26,invention
,,1282_l26,interesting
,,1283_l26,interested
,,1284_l26,internet
,,1289_l26,revise
,,1290_l26,revision
,,1293_l26,sunrise
,,1529_l31,sunrise
,,1297_l26,surprised
,,1298_l26,surprising
,,1299_l26,contract
,,1301_l26,practical
,,1303_l26,contribute
,,1305_l26,silently
,,1306_l26,silence
,,1309_l26,audience
,,1311_l26,confidence
,,1314_l26,crossing
,,1318_l26,toss
,,1319_l26,fossil
,,1321_l26,document
,,1323_l26,commission
,,1325_l26,permit
,,1327_l26,committee
,,1331_l27,recently
,,1337_l27,crag
,,1340_l27,trap
,,1341_l27,dragon
,,1342_l27,wrap
,,1344_l27,soil
,,1345_l27,spoil
,,1347_l27,solo
,,1350_l27,solar
,,1352_l27,pig
,,1354_l27,digital
,,1357_l27,electricity
,,1358_l27,electronic
,,1359_l27,spit
,,1361_l27,different
,,1364_l27,difficulty
,,1367_l27,tomb
,,1368_l27,comb
,,1379_l28,enjoyment
,,1380_l28,enjoyable
,,1384_l28,energetic
,,1385_l28,emperor
,,1386_l28,employer
,,1387_l28,employee
,,1388_l28,employ
,,1389_l28,employment
,,1392_l28,forwards
,,1393_l28,toward
,,1395_l28,foreigner
,,1397_l28,forgettable
,,1403_l28,fog
,,1404_l28,foggy
,,1410_l28,foxy
,,1418_l28,dust
,,1419_l28,dustbin
,,1424_l28,adventure
,,1427_l28,cultural
,,1433_l29,paid
,,1434_l29,unpaid
,,1436_l29,recorder
,,1437_l29,recording
,,1438_l29,according
,,1440_l29,order
,,1442_l29,ordinary
,,1444_l29,granny
,,1445_l29,grandmother
,,1447_l29,grab
,,1448_l29,organ
,,1450_l29,organization
,,1453_l29,laptop
,,1455_l29,slap
,,1457_l29,rap
,,1462_l29,unsure
,,1463_l29,leisure
,,1468_l29,pleased
,,1473_l29,vet
,,1475_l29,brush
,,1476_l29,toothbrush
,,1477_l29,Russian
,,1479_l29,Brussels
,,1481_l30,pub
,,1483_l30,nut
,,1485_l30,cub
,,1486_l30,scuba
,,1489_l30,climate
,,1496_l30,tent
,,1497_l30,extent
,,1500_l30,centre
,,1501_l30,exit
,,1503_l30,exciting
,,1504_l30,excited
,,1510_l30,was
,,1511_l30,wag
,,1514_l30,pavement
,,1517_l30,brilliant
,,1518_l30,thriller
,,1528_l31,sunshine
,,1531_l31,sunset
,,1540_l31,temple
,,1542_l31,simply
,,1545_l31,salesgirl
,,1548_l31,safely
,,1551_l31,salty
,,1554_l31,waltz
,,1561_l31,history
,,1563_l31,victory
,,1564_l31,factory
,,1569_l31,button
,,1573_l31,litter
,,1576_l31,minibus
,,1578_l31,businessman
,,1583_l31,lucky
,,1584_l31,luckily
,,1587_l31,trumpet
,,1589_l31,truly
,,1593_l31,proverb
,,1596_l31,grove
,,1600_l32,bang
,,1601_l32,thanks
,,1602_l32,thanksgiving
,,1603_l32,thankful
,,1610_l32,speaker
,,1615_l32,weekly
,,1621_l32,surfing
,,1622_l32,surfer
,,1626_l32,spade
,,1627_l32,spaceship
,,1628_l32,spacecraft
,,1629_l32,pot
,,1633_l32,ghost
,,1635_l32,coast
,,1637_l32,postal
,,1649_l32,chain
,,1653_l32,retell
,,1658_l32,fell
,,1672_l33,define
,,1676_l33,kind-hearted
,,1681_l33,noisy
,,1682_l33,daisy
,,1689_l33,fuel
,,1693_l33,poll
,,1694_l33,pollute
,,1696_l33,polluted
,,1699_l33,boring
,,1708_l34,castle
,,1709_l34,vast
,,1710_l34,vase
,,1711_l34,base
,,1714_l34,timetable
,,1715_l34,dime
,,1716_l34,dim
,,1718_l34,toe
,,1723_l34,rainy
,,1724_l34,rainfall
,,1727_l34,trainer
,,1728_l34,training
,,1729_l34,rail
,,1733_l34,seed
,,1737_l34,feeling
,,1746_l34,freestyle
,,1747_l34,reef
,,1749_l34,freezing
,,1751_l34,plaster
,,1757_l34,paste
,,1765_l34,printer
,,1767_l34,prince
,,1774_l34,folk
